{
    "name": "root",
    "gauges": {
        "Hunter.Policy.Entropy.mean": {
            "value": 1.4189382791519165,
            "min": 1.4189382791519165,
            "max": 1.4189382791519165,
            "count": 1
        },
        "Hunter.Policy.Entropy.sum": {
            "value": 16380.2236328125,
            "min": 16380.2236328125,
            "max": 16380.2236328125,
            "count": 1
        },
        "Hunter.Environment.EpisodeLength.mean": {
            "value": 90.07142857142857,
            "min": 90.07142857142857,
            "max": 90.07142857142857,
            "count": 1
        },
        "Hunter.Environment.EpisodeLength.sum": {
            "value": 10088.0,
            "min": 10088.0,
            "max": 10088.0,
            "count": 1
        },
        "Hunter.Self-play.ELO.mean": {
            "value": 1216.551342887023,
            "min": 1216.551342887023,
            "max": 1216.551342887023,
            "count": 1
        },
        "Hunter.Self-play.ELO.sum": {
            "value": 136253.75040334658,
            "min": 136253.75040334658,
            "max": 136253.75040334658,
            "count": 1
        },
        "Hunter.Step.mean": {
            "value": 9906.0,
            "min": 9906.0,
            "max": 9906.0,
            "count": 1
        },
        "Hunter.Step.sum": {
            "value": 9906.0,
            "min": 9906.0,
            "max": 9906.0,
            "count": 1
        },
        "Hunter.Policy.ExtrinsicBaselineEstimate.mean": {
            "value": -0.09032110124826431,
            "min": -0.09032110124826431,
            "max": -0.09032110124826431,
            "count": 1
        },
        "Hunter.Policy.ExtrinsicBaselineEstimate.sum": {
            "value": -9.935320854187012,
            "min": -9.935320854187012,
            "max": -9.935320854187012,
            "count": 1
        },
        "Hunter.Policy.ExtrinsicValueEstimate.mean": {
            "value": -0.07983718067407608,
            "min": -0.07983718067407608,
            "max": -0.07983718067407608,
            "count": 1
        },
        "Hunter.Policy.ExtrinsicValueEstimate.sum": {
            "value": -8.782090187072754,
            "min": -8.782090187072754,
            "max": -8.782090187072754,
            "count": 1
        },
        "Hunter.Policy.CuriosityBaselineEstimate.mean": {
            "value": -0.06163659691810608,
            "min": -0.06163659691810608,
            "max": -0.06163659691810608,
            "count": 1
        },
        "Hunter.Policy.CuriosityBaselineEstimate.sum": {
            "value": -6.780025482177734,
            "min": -6.780025482177734,
            "max": -6.780025482177734,
            "count": 1
        },
        "Hunter.Policy.CuriosityValueEstimate.mean": {
            "value": -0.03292791545391083,
            "min": -0.03292791545391083,
            "max": -0.03292791545391083,
            "count": 1
        },
        "Hunter.Policy.CuriosityValueEstimate.sum": {
            "value": -3.622070789337158,
            "min": -3.622070789337158,
            "max": -3.622070789337158,
            "count": 1
        },
        "Hunter.Environment.CumulativeReward.mean": {
            "value": -0.44000000357627866,
            "min": -0.44000000357627866,
            "max": -0.44000000357627866,
            "count": 1
        },
        "Hunter.Environment.CumulativeReward.sum": {
            "value": -48.400000393390656,
            "min": -48.400000393390656,
            "max": -48.400000393390656,
            "count": 1
        },
        "Hunter.Policy.ExtrinsicReward.mean": {
            "value": 2.0290908791802145,
            "min": 2.0290908791802145,
            "max": 2.0290908791802145,
            "count": 1
        },
        "Hunter.Policy.ExtrinsicReward.sum": {
            "value": 223.1999967098236,
            "min": 223.1999967098236,
            "max": 223.1999967098236,
            "count": 1
        },
        "Hunter.Policy.CuriosityReward.mean": {
            "value": 0.0,
            "min": 0.0,
            "max": 0.0,
            "count": 1
        },
        "Hunter.Policy.CuriosityReward.sum": {
            "value": 0.0,
            "min": 0.0,
            "max": 0.0,
            "count": 1
        },
        "Hunter.Environment.GroupCumulativeReward.mean": {
            "value": 2.909090909090909,
            "min": 2.909090909090909,
            "max": 2.909090909090909,
            "count": 1
        },
        "Hunter.Environment.GroupCumulativeReward.sum": {
            "value": 320.0,
            "min": 320.0,
            "max": 320.0,
            "count": 1
        },
        "Hunter.IsTraining.mean": {
            "value": 1.0,
            "min": 1.0,
            "max": 1.0,
            "count": 1
        },
        "Hunter.IsTraining.sum": {
            "value": 1.0,
            "min": 1.0,
            "max": 1.0,
            "count": 1
        }
    },
    "metadata": {
        "timer_format_version": "0.1.0",
        "start_time_seconds": "1746698197",
        "python_version": "3.10.12 | packaged by Anaconda, Inc. | (main, Jul  5 2023, 19:01:18) [MSC v.1916 64 bit (AMD64)]",
        "command_line_arguments": "C:\\Users\\doria\\anaconda3\\envs\\mlagents\\Scripts\\mlagents-learn config/HunterPreyPOCARNNCurious.yml --run-id=HunterPreyPOCARNNCurious.",
        "mlagents_version": "1.1.0",
        "mlagents_envs_version": "1.1.0",
        "communication_protocol_version": "1.5.0",
        "pytorch_version": "2.2.2+cu121",
        "numpy_version": "1.23.5",
        "end_time_seconds": "1746698231"
    },
    "total": 33.07090269999753,
    "count": 1,
    "self": 0.013587499983259477,
    "children": {
        "run_training.setup": {
            "total": 0.09911740000825375,
            "count": 1,
            "self": 0.09911740000825375
        },
        "TrainerController.start_learning": {
            "total": 32.95819780000602,
            "count": 1,
            "self": 0.013827499977196567,
            "children": {
                "TrainerController._reset_env": {
                    "total": 10.299299299993436,
                    "count": 1,
                    "self": 10.299299299993436
                },
                "TrainerController.advance": {
                    "total": 22.069752800030983,
                    "count": 626,
                    "self": 0.01471449961536564,
                    "children": {
                        "env_step": {
                            "total": 16.325210000097286,
                            "count": 626,
                            "self": 12.805639400161454,
                            "children": {
                                "SubprocessEnvManager._take_step": {
                                    "total": 3.511684899785905,
                                    "count": 626,
                                    "self": 0.10431369964499027,
                                    "children": {
                                        "TorchPolicy.evaluate": {
                                            "total": 3.407371200140915,
                                            "count": 1136,
                                            "self": 3.407371200140915
                                        }
                                    }
                                },
                                "workers": {
                                    "total": 0.007885700149927288,
                                    "count": 625,
                                    "self": 0.0,
                                    "children": {
                                        "worker_root": {
                                            "total": 23.35154189966852,
                                            "count": 625,
                                            "is_parallel": true,
                                            "self": 12.654009199948632,