{
    "name": "root",
    "gauges": {
        "Hunter.Policy.Entropy.mean": {
            "value": -0.29856011271476746,
            "min": -0.29856011271476746,
            "max": 1.418938398361206,
            "count": 716
        },
        "Hunter.Policy.Entropy.sum": {
            "value": -2916.335205078125,
            "min": -34317.16015625,
            "max": 205830.4375,
            "count": 716
        },
        "Hunter.Environment.EpisodeLength.mean": {
            "value": 192.08,
            "min": 91.32727272727273,
            "max": 219.7391304347826,
            "count": 716
        },
        "Hunter.Environment.EpisodeLength.sum": {
            "value": 9604.0,
            "min": 9226.0,
            "max": 143060.0,
            "count": 716
        },
        "Hunter.Self-play.ELO.mean": {
            "value": 1442.4069164115715,
            "min": 1214.6203290189826,
            "max": 1541.6803793902034,
            "count": 716
        },
        "Hunter.Self-play.ELO.sum": {
            "value": 72120.34582057857,
            "min": 63369.32423524636,
            "max": 156760.39703061045,
            "count": 716
        },
        "Hunter.Step.mean": {
            "value": 7159703.0,
            "min": 9888.0,
            "max": 7159703.0,
            "count": 716
        },
        "Hunter.Step.sum": {
            "value": 7159703.0,
            "min": 9888.0,
            "max": 7159703.0,
            "count": 716
        },
        "Hunter.Policy.ExtrinsicValueEstimate.mean": {
            "value": 1.2985663414001465,
            "min": 0.044873423874378204,
            "max": 1.5215564966201782,
            "count": 716
        },
        "Hunter.Policy.ExtrinsicValueEstimate.sum": {
            "value": 66.22688293457031,
            "min": 4.846329689025879,
            "max": 138.17979431152344,
            "count": 716
        },
        "Hunter.Environment.CumulativeReward.mean": {
            "value": 0.7019607816256729,
            "min": -0.4723809591361455,
            "max": 0.9575757562662616,
            "count": 716
        },
        "Hunter.Environment.CumulativeReward.sum": {
            "value": 35.79999986290932,
            "min": -49.60000070929527,
            "max": 63.199999913573265,
            "count": 716
        },
        "Hunter.Policy.ExtrinsicReward.mean": {
            "value": 3.1137254845862294,
            "min": 2.236666669448217,
            "max": 3.768253965983315,
            "count": 716
        },
        "Hunter.Policy.ExtrinsicReward.sum": {
            "value": 158.7999997138977,
            "min": 107.80000019073486,
            "max": 340.5999987125397,
            "count": 716
        },
        "Hunter.IsTraining.mean": {
            "value": 1.0,
            "min": 1.0,
            "max": 1.0,
            "count": 716
        },
        "Hunter.IsTraining.sum": {
            "value": 1.0,
            "min": 1.0,
            "max": 1.0,
            "count": 716
        },
        "Hunter.Losses.PolicyLoss.mean": {
            "value": 0.02072641988284886,
            "min": 0.013406836362555623,
            "max": 0.025349709643051027,
            "count": 345
        },
        "Hunter.Losses.PolicyLoss.sum": {
            "value": 0.02072641988284886,
            "min": 0.013406836362555623,
            "max": 0.025349709643051027,
            "count": 345
        },
        "Hunter.Losses.ValueLoss.mean": {
            "value": 0.21164171427488326,
            "min": 0.11390917733311653,
            "max": 0.2378581303358078,
            "count": 345
        },
        "Hunter.Losses.ValueLoss.sum": {
            "value": 0.21164171427488326,
            "min": 0.11390917733311653,
            "max": 0.2378581303358078,
            "count": 345
        },
        "Hunter.Policy.LearningRate.mean": {
            "value": 0.0003,
            "min": 0.0003,
            "max": 0.0003,
            "count": 345
        },
        "Hunter.Policy.LearningRate.sum": {
            "value": 0.0003,
            "min": 0.0003,
            "max": 0.0003,
            "count": 345
        },
        "Hunter.Policy.Epsilon.mean": {
            "value": 0.19999999999999996,
            "min": 0.19999999999999996,
            "max": 0.19999999999999996,
            "count": 345
        },
        "Hunter.Policy.Epsilon.sum": {
            "value": 0.19999999999999996,
            "min": 0.19999999999999996,
            "max": 0.19999999999999996,
            "count": 345
        },
        "Hunter.Policy.Beta.mean": {
            "value": 0.005,
            "min": 0.005,
            "max": 0.005,
            "count": 345
        },
        "Hunter.Policy.Beta.sum": {
            "value": 0.005,
            "min": 0.005,
            "max": 0.005,
            "count": 345
        },
        "Prey.Policy.Entropy.mean": {
            "value": 0.10826464742422104,
            "min": 0.10826464742422104,
            "max": 1.4247416257858276,
            "count": 701
        },
        "Prey.Policy.Entropy.sum": {
            "value": 1169.2581787109375,
            "min": 774.19189453125,
            "max": 445210.75,
            "count": 701
        },
        "Prey.Environment.EpisodeLength.mean": {
            "value": 165.57894736842104,
            "min": 93.71428571428571,
            "max": 255.92307692307693,
            "count": 701
        },
        "Prey.Environment.EpisodeLength.sum": {
            "value": 9438.0,
            "min": 8835.0,
            "max": 309120.0,
            "count": 701
        },
        "Prey.Self-play.ELO.mean": {
            "value": 1286.998361033853,
            "min": 1013.2588802037769,
            "max": 1293.8815150655053,
            "count": 701
        },
        "Prey.Self-play.ELO.sum": {
            "value": 73358.90657892961,
            "min": 48440.865204654096,
            "max": 117110.9821218796,
            "count": 701
        },
        "Prey.Step.mean": {
            "value": 7009791.0,
            "min": 9892.0,
            "max": 7009791.0,
            "count": 701
        },
        "Prey.Step.sum": {
            "value": 7009791.0,
            "min": 9892.0,
            "max": 7009791.0,
            "count": 701
        },
        "Prey.Policy.ExtrinsicValueEstimate.mean": {
            "value": -0.557162344455719,
            "min": -1.6260520219802856,
            "max": 0.2869400978088379,
            "count": 701
        },
        "Prey.Policy.ExtrinsicValueEstimate.sum": {
            "value": -32.31541442871094,
            "min": -125.10554504394531,
            "max": 31.563411712646484,
            "count": 701
        },
        "Prey.Environment.CumulativeReward.mean": {
            "value": 1.1984307975347699,
            "min": -1.3744975747885528,
            "max": 2.1755294966253826,
            "count": 701
        },
        "Prey.Environment.CumulativeReward.sum": {
            "value": 69.50898625701666,
            "min": -118.72440378402825,
            "max": 105.46538847126067,
            "count": 701
        },
        "Prey.Policy.ExtrinsicReward.mean": {
            "value": -1.094672541166174,
            "min": -4.781904906402399,
            "max": 0.182142887649865,
            "count": 701
        },
        "Prey.Policy.ExtrinsicReward.sum": {
            "value": -63.49100738763809,
            "min": -457.72439432144165,
            "max": 10.56428748369217,
            "count": 701
        },
        "Prey.IsTraining.mean": {
            "value": 1.0,
            "min": 1.0,
            "max": 1.0,
            "count": 701
        },
        "Prey.IsTraining.sum": {
            "value": 1.0,
            "min": 1.0,
            "max": 1.0,
            "count": 701
        },
        "Prey.Losses.PolicyLoss.mean": {
            "value": 0.018027780414558946,
            "min": 0.012330611669458449,
            "max": 0.02559520024806261,
            "count": 337
        },