{
    "name": "root",
    "gauges": {
        "Basic.Policy.Entropy.mean": {
            "value": 0.728973925113678,
            "min": 0.728973925113678,
            "max": 1.0983021259307861,
            "count": 4
        },
        "Basic.Policy.Entropy.sum": {
            "value": 1457.2188720703125,
            "min": 1457.2188720703125,
            "max": 2198.80078125,
            "count": 4
        },
        "Basic.Step.mean": {
            "value": 7997.0,
            "min": 1999.0,
            "max": 7997.0,
            "count": 4
        },
        "Basic.Step.sum": {
            "value": 7997.0,
            "min": 1999.0,
            "max": 7997.0,
            "count": 4
        },
        "Basic.Policy.ExtrinsicValueEstimate.mean": {
            "value": 0.4520968794822693,
            "min": 0.007908482104539871,
            "max": 0.4520968794822693,
            "count": 4
        },
        "Basic.Policy.ExtrinsicValueEstimate.sum": {
            "value": 330.4828186035156,
            "min": 5.456852436065674,
            "max": 330.4828186035156,
            "count": 4
        },
        "Basic.Environment.EpisodeLength.mean": {
            "value": 10.088888888888889,
            "min": 10.088888888888889,
            "max": 28.784615384615385,
            "count": 4
        },
        "Basic.Environment.EpisodeLength.sum": {
            "value": 1816.0,
            "min": 1816.0,
            "max": 1989.0,
            "count": 4
        },
        "Basic.Environment.CumulativeReward.mean": {
            "value": 0.8241111304404007,
            "min": 0.10676924689457967,
            "max": 0.8241111304404007,
            "count": 4
        },
        "Basic.Environment.CumulativeReward.sum": {
            "value": 148.34000347927213,
            "min": 6.940001048147678,
            "max": 148.34000347927213,
            "count": 4
        },
        "Basic.Policy.ExtrinsicReward.mean": {
            "value": 0.8241111304404007,
            "min": 0.10676924689457967,
            "max": 0.8241111304404007,
            "count": 4
        },
        "Basic.Policy.ExtrinsicReward.sum": {
            "value": 148.34000347927213,
            "min": 6.940001048147678,
            "max": 148.34000347927213,
            "count": 4
        },
        "Basic.Losses.PolicyLoss.mean": {
            "value": 0.14107333484571427,
            "min": 0.12965691543095523,
            "max": 0.14107333484571427,
            "count": 4
        },
        "Basic.Losses.PolicyLoss.sum": {
            "value": 1.1285866787657142,
            "min": 0.9075984080166866,
            "max": 1.1285866787657142,
            "count": 4
        },
        "Basic.Losses.ValueLoss.mean": {
            "value": 0.009931058099027723,
            "min": 0.009931058099027723,
            "max": 0.018361176177027767,
            "count": 4
        },
        "Basic.Losses.ValueLoss.sum": {
            "value": 0.07944846479222178,
            "min": 0.07944846479222178,
            "max": 0.13011124935292173,
            "count": 4
        },
        "Basic.Policy.LearningRate.mean": {
            "value": 0.0002957472014176,
            "min": 0.0002957472014176,
            "max": 0.0002993812287776857,
            "count": 4
        },
        "Basic.Policy.LearningRate.sum": {
            "value": 0.0023659776113408,
            "min": 0.0020956686014438,
            "max": 0.0023857788047404,
            "count": 4
        },
        "Basic.Policy.Epsilon.mean": {
            "value": 0.1985824,
            "min": 0.1985824,
            "max": 0.19979374285714283,
            "count": 4
        },
        "Basic.Policy.Epsilon.sum": {
            "value": 1.5886592,
            "min": 1.3985561999999998,
            "max": 1.5952596,
            "count": 4
        },
        "Basic.Policy.Beta.mean": {
            "value": 0.0049292617599999995,
            "min": 0.0049292617599999995,
            "max": 0.004989707768571429,
            "count": 4
        },
        "Basic.Policy.Beta.sum": {
            "value": 0.039434094079999996,
            "min": 0.03492795438,
            "max": 0.03976345404000001,
            "count": 4
        },
        "Basic.IsTraining.mean": {
            "value": 1.0,
            "min": 1.0,
            "max": 1.0,
            "count": 4
        },
        "Basic.IsTraining.sum": {
            "value": 1.0,
            "min": 1.0,
            "max": 1.0,
            "count": 4
        }
    },
    "metadata": {
        "timer_format_version": "0.1.0",
        "start_time_seconds": "1741204463",
        "python_version": "3.10.12 | packaged by Anaconda, Inc. | (main, Jul  5 2023, 19:01:18) [MSC v.1916 64 bit (AMD64)]",
        "command_line_arguments": "C:\\Users\\doria\\anaconda3\\envs\\mlagents\\Scripts\\mlagents-learn config/basic.yaml --run-id=basic. --force",
        "mlagents_version": "1.1.0",
        "mlagents_envs_version": "1.1.0",
        "communication_protocol_version": "1.5.0",
        "pytorch_version": "2.2.2+cu121",
        "numpy_version": "1.23.5",
        "end_time_seconds": "1741204681"
    },
    "total": 218.64864230004605,
    "count": 1,
    "self": 0.007243200088851154,
    "children": {
        "run_training.setup": {
            "total": 0.09505669999634847,
            "count": 1,
            "self": 0.09505669999634847
        },
        "TrainerController.start_learning": {
            "total": 218.54634239996085,
            "count": 1,
            "self": 0.12576779868686572,
            "children": {
                "TrainerController._reset_env": {
                    "total": 12.48213640000904,
                    "count": 1,
                    "self": 12.48213640000904
                },
                "TrainerController.advance": {
                    "total": 205.82445300131803,
                    "count": 8674,
                    "self": 0.11773700162302703,
                    "children": {
                        "env_step": {
                            "total": 190.38586769922404,
                            "count": 8674,
                            "self": 167.5864863032475,
                            "children": {
                                "SubprocessEnvManager._take_step": {
                                    "total": 22.718258499109652,
                                    "count": 8674,
                                    "self": 0.3081367984996177,
                                    "children": {
                                        "TorchPolicy.evaluate": {
                                            "total": 22.410121700610034,
                                            "count": 8213,
                                            "self": 22.410121700610034
                                        }
                                    }
                                },
                                "workers": {
                                    "total": 0.0811228968668729,
                                    "count": 8673,
                                    "self": 0.0,
                                    "children": {
                                        "worker_root": {
                                            "total": 198.58076579589397,
                                            "count": 8673,
                                            "is_parallel": true,
                                            "self": 44.82914339675335,
                                            "children": {
                                                "steps_from_proto": {
                                                    "total": 0.00028419995214790106,
                                                    "count": 1,
                                                    "is_parallel": true,
                                                    "self": 0.00015609996626153588,