{"count":1,"self":76.6826368,"total":318.71731869999996,"children":{"InitializeActuators":{"count":60,"self":0.0040051,"total":0.0040051,"children":null},"InitializeSensors":{"count":60,"self":0.0010015,"total":0.0010015,"children":null},"AgentSendState":{"count":37134,"self":1.0138970999999999,"total":18.8712971,"children":{"CollectObservations":{"count":445620,"self":13.983118399999999,"total":13.9831177,"children":null},"WriteActionMask":{"count":445620,"self":0.20870239999999998,"total":0.20870239999999998,"children":null},"RequestDecision":{"count":445620,"self":0.75674029999999992,"total":3.6655799,"children":{"AgentInfo.ToProto":{"count":445620,"self":0.64791369999999993,"total":2.9088396,"children":{"GenerateSensorData":{"count":445620,"self":2.260926,"total":2.2609258999999997,"children":null}}}}}}},"DecideAction":{"count":37134,"self":211.3490048,"total":211.34900009999998,"children":null},"AgentAct":{"count":37134,"self":11.7729328,"total":11.795903899999999,"children":{"AgentInfo.ToProto":{"count":2815,"self":0.0030027,"total":0.0229715,"children":{"GenerateSensorData":{"count":2815,"self":0.0199688,"total":0.0199688,"children":null}}}}},"AgentInfo.ToProto":{"count":1585,"self":0.0045084999999999995,"total":0.012473399999999999,"children":{"GenerateSensorData":{"count":1585,"self":0.0079649,"total":0.0079649,"children":null}}}},"gauges":{"Hunter.CumulativeReward":{"count":1760,"max":2,"min":-3.40000057,"runningAverage":-0.410113931,"value":0,"weightedAverage":-0.06513895},"Prey.CumulativeReward":{"count":2640,"max":2.03889155,"min":-7.859094,"runningAverage":-1.247911,"value":-0.9542998,"weightedAverage":-1.20171738}},"metadata":{"timer_format_version":"0.1.0","start_time_seconds":"1746809136","unity_version":"6000.0.39f1","command_line_arguments":"C:\\Program Files\\Unity\\Hub\\Editor\\6000.0.39f1\\Editor\\Unity.exe -projectpath G:\\M2 - Dorian\\IHM\\IHM RL Projet\\IHM RL Project -useHub -hubIPC -cloudEnvironment production","communication_protocol_version":"1.5.0","com.unity.ml-agents_version":"3.0.0","scene_name":"HunterPrey03_communication","end_time_seconds":"1746809454"}}