{"count":1,"self":241.4737408,"total":1236.6490826,"children":{"InitializeActuators":{"count":60,"self":0.0010006,"total":0.0010006,"children":null},"InitializeSensors":{"count":60,"self":0.0040000999999999995,"total":0.0040000999999999995,"children":null},"AgentSendState":{"count":141901,"self":3.7874095999999997,"total":71.3494106,"children":{"CollectObservations":{"count":1702980,"self":53.4426656,"total":53.4426663,"children":null},"WriteActionMask":{"count":1702980,"self":0.7645985,"total":0.7645985,"children":null},"RequestDecision":{"count":1702980,"self":2.7840368,"total":13.354735999999999,"children":{"AgentInfo.ToProto":{"count":1702980,"self":2.5766652,"total":10.5706992,"children":{"GenerateSensorData":{"count":1702980,"self":7.9940343999999994,"total":7.9940340999999995,"children":null}}}}}}},"DecideAction":{"count":141901,"self":883.45466879999992,"total":883.4546587,"children":null},"AgentAct":{"count":141901,"self":40.264944,"total":40.344707,"children":{"AgentInfo.ToProto":{"count":8170,"self":0.0195801,"total":0.07976359999999999,"children":{"GenerateSensorData":{"count":8170,"self":0.060183499999999994,"total":0.060183499999999994,"children":null}}}}},"AgentInfo.ToProto":{"count":3925,"self":0.010003699999999999,"total":0.0205568,"children":{"GenerateSensorData":{"count":3925,"self":0.0105531,"total":0.0105531,"children":null}}}},"gauges":{"Hunter.CumulativeReward":{"count":4838,"max":2,"min":-9.799995,"runningAverage":-0.469533443,"value":-1,"weightedAverage":0.0382843167},"Prey.CumulativeReward":{"count":7257,"max":11.1497278,"min":-7.75428772,"runningAverage":-0.665129066,"value":-1.14999914,"weightedAverage":1.23910916}},"metadata":{"timer_format_version":"0.1.0","start_time_seconds":"1746699199","unity_version":"6000.0.39f1","command_line_arguments":"C:\\Program Files\\Unity\\Hub\\Editor\\6000.0.39f1\\Editor\\Unity.exe -projectpath G:\\M2 - Dorian\\IHM\\IHM RL Projet\\IHM RL Project -useHub -hubIPC -cloudEnvironment production","communication_protocol_version":"1.5.0","com.unity.ml-agents_version":"3.0.0","scene_name":"HunterPrey03_communication","end_time_seconds":"1746700435"}}