{"count":1,"self":41.8303904,"total":43.2472533,"children":{"InitializeActuators":{"count":95,"self":0.0020318,"total":0.0020318,"children":null},"InitializeSensors":{"count":95,"self":0.0020014,"total":0.0020014,"children":null},"AgentSendState":{"count":1866,"self":0.5298273,"total":0.5716017,"children":{"CollectObservations":{"count":17737,"self":0.0100083,"total":0.0100083,"children":null},"WriteActionMask":{"count":17737,"self":0.0050193999999999994,"total":0.0050193999999999994,"children":null},"RequestDecision":{"count":17737,"self":0.026746699999999998,"total":0.026746699999999998,"children":null}}},"DecideAction":{"count":1866,"self":0.42746219999999996,"total":0.66651969999999994,"children":{"RayPerceptionSensor.Perceive":{"count":17737,"self":0.23905749999999998,"total":0.23905749999999998,"children":null}}},"AgentAct":{"count":1866,"self":0.17370049999999998,"total":0.17370049999999998,"children":null}},"gauges":{"Prey.CumulativeReward":{"count":7,"max":15.000248,"min":2.649998,"runningAverage":9.707284,"value":15.000248,"weightedAverage":11.0925512},"Hunter.CumulativeReward":{"count":21,"max":3,"min":-0.2,"runningAverage":1.06666684,"value":0,"weightedAverage":0.7615312}},"metadata":{"timer_format_version":"0.1.0","start_time_seconds":"1746360006","unity_version":"6000.0.39f1","command_line_arguments":"C:\\Program Files\\Unity\\Hub\\Editor\\6000.0.39f1\\Editor\\Unity.exe -projectpath G:\\M2 - Dorian\\IHM\\IHM RL Projet\\IHM RL Project -useHub -hubIPC -cloudEnvironment production","communication_protocol_version":"1.5.0","com.unity.ml-agents_version":"3.0.0","scene_name":"HunterPrey02","end_time_seconds":"1746360049"}}