{"count":1,"self":1425.7568767999999,"total":6637.3592444,"children":{"InitializeActuators":{"count":60,"self":0.0010069,"total":0.0010069,"children":null},"InitializeSensors":{"count":60,"self":0.0009971,"total":0.0009971,"children":null},"AgentSendState":{"count":1056768,"self":20.5209568,"total":435.8620812,"children":{"CollectObservations":{"count":12681780,"self":333.40313599999996,"total":333.40313599999996,"children":null},"WriteActionMask":{"count":12681780,"self":4.4946016,"total":4.4946017,"children":null},"RequestDecision":{"count":12681780,"self":13.8262624,"total":77.443387,"children":{"AgentInfo.ToProto":{"count":12681780,"self":12.4106408,"total":63.6171252,"children":{"GenerateSensorData":{"count":12681780,"self":51.2064832,"total":51.2064841,"children":null}}}}}}},"DecideAction":{"count":1056768,"self":4489.7665024,"total":4489.7663099,"children":null},"AgentAct":{"count":1056768,"self":285.4551808,"total":285.70241799999997,"children":{"AgentInfo.ToProto":{"count":35485,"self":0.0645951,"total":0.24723219999999999,"children":{"GenerateSensorData":{"count":35485,"self":0.1826371,"total":0.1826371,"children":null}}}}},"AgentInfo.ToProto":{"count":38855,"self":0.0677069,"total":0.2685959,"children":{"GenerateSensorData":{"count":38855,"self":0.20088899999999998,"total":0.20088899999999998,"children":null}}}},"gauges":{"Hunter.CumulativeReward":{"count":29736,"max":3,"min":-10.199996,"runningAverage":0.181013718,"value":1,"weightedAverage":0.59525454},"Prey.CumulativeReward":{"count":44604,"max":20.1498985,"min":-8.129481,"runningAverage":0.489467382,"value":0.0307999551,"weightedAverage":1.67481768}},"metadata":{"timer_format_version":"0.1.0","start_time_seconds":"1746811764","unity_version":"6000.0.39f1","command_line_arguments":"C:\\Program Files\\Unity\\Hub\\Editor\\6000.0.39f1\\Editor\\Unity.exe -projectpath C:\\Users\\caggi\\OneDrive\\Documents\\GitHub\\IHM-RL-Project -useHub -hubIPC -cloudEnvironment production","communication_protocol_version":"1.5.0","com.unity.ml-agents_version":"3.0.0","scene_name":"HunterPrey03_communication","end_time_seconds":"1746818402"}}