{"count":1,"self":2201.0568703999998,"total":9489.3771189999989,"children":{"InitializeActuators":{"count":60,"self":0.0030149,"total":0.0030149,"children":null},"InitializeSensors":{"count":60,"self":0.001001,"total":0.001001,"children":null},"AgentSendState":{"count":1058568,"self":29.281337599999997,"total":507.37338309999996,"children":{"CollectObservations":{"count":12703560,"self":385.1262208,"total":385.12621989999997,"children":null},"WriteActionMask":{"count":12703560,"self":5.8575371999999994,"total":5.8575371999999994,"children":null},"RequestDecision":{"count":12703560,"self":21.1452176,"total":87.1082879,"children":{"AgentInfo.ToProto":{"count":12703560,"self":18.575934399999998,"total":65.9630706,"children":{"GenerateSensorData":{"count":12703560,"self":47.387136,"total":47.3871362,"children":null}}}}}}},"DecideAction":{"count":1058568,"self":6450.7015168,"total":6450.7015943,"children":null},"AgentAct":{"count":1058568,"self":329.76414719999997,"total":329.9851936,"children":{"AgentInfo.ToProto":{"count":35055,"self":0.0689272,"total":0.22104929999999998,"children":{"GenerateSensorData":{"count":35055,"self":0.15212209999999998,"total":0.15212209999999998,"children":null}}}}},"AgentInfo.ToProto":{"count":38045,"self":0.091208799999999993,"total":0.25505869999999997,"children":{"GenerateSensorData":{"count":38045,"self":0.1638499,"total":0.1638499,"children":null}}}},"gauges":{"Hunter.CumulativeReward":{"count":29240,"max":3,"min":-8.599997,"runningAverage":0.245862275,"value":1,"weightedAverage":0.6813719},"Prey.CumulativeReward":{"count":43860,"max":16.3497124,"min":-8.943777,"runningAverage":0.4402735,"value":2.0643847,"weightedAverage":0.8332266}},"metadata":{"timer_format_version":"0.1.0","start_time_seconds":"1746774839","unity_version":"6000.0.39f1","command_line_arguments":"C:\\Program Files\\Unity\\Hub\\Editor\\6000.0.39f1\\Editor\\Unity.exe -projectpath G:\\M2 - Dorian\\IHM\\IHM RL Projet\\IHM RL Project -useHub -hubIPC -cloudEnvironment production","communication_protocol_version":"1.5.0","com.unity.ml-agents_version":"3.0.0","scene_name":"HunterPrey03","end_time_seconds":"1746784328"}}