{
    "name": "root",
    "metadata": {
        "timer_format_version": "0.1.0",
        "start_time_seconds": "1746809054",
        "python_version": "3.10.12 | packaged by Anaconda, Inc. | (main, Jul  5 2023, 19:01:18) [MSC v.1916 64 bit (AMD64)]",
        "command_line_arguments": "C:\\Users\\doria\\anaconda3\\envs\\mlagents\\Scripts\\mlagents-learn config/HunterPreyPOCARNN.yml --run-id=HunterPreyPOCARNNCommunication. --resume",
        "mlagents_version": "1.1.0",
        "mlagents_envs_version": "1.1.0",
        "communication_protocol_version": "1.5.0",
        "pytorch_version": "2.2.2+cu121",
        "numpy_version": "1.23.5",
        "end_time_seconds": "1746809089"
    },
    "total": 34.14562769999611,
    "count": 1,
    "self": 0.015192899969406426,
    "children": {
        "run_training.setup": {
            "total": 0.10326480001094751,
            "count": 1,
            "self": 0.10326480001094751
        },
        "TrainerController.start_learning": {
            "total": 34.02717000001576,
            "count": 1,
            "self": 0.002904599910834804,
            "children": {
                "TrainerController._reset_env": {
                    "total": 11.119909700006247,
                    "count": 2,
                    "self": 11.119909700006247
                },
                "TrainerController.advance": {
                    "total": 21.828349600109505,
                    "count": 138,
                    "self": 0.003269500011811033,
                    "children": {
                        "env_step": {
                            "total": 21.107541600096738,
                            "count": 138,
                            "self": 19.975294200121425,
                            "children": {
                                "SubprocessEnvManager._take_step": {
                                    "total": 1.1305309997987933,
                                    "count": 139,
                                    "self": 0.02238639973802492,
                                    "children": {
                                        "TorchPolicy.evaluate": {
                                            "total": 1.1081446000607684,
                                            "count": 255,
                                            "self": 1.1081446000607684
                                        }
                                    }
                                },
                                "workers": {
                                    "total": 0.001716400176519528,
                                    "count": 137,
                                    "self": 0.0,
                                    "children": {
                                        "worker_root": {
                                            "total": 7.38418739993358,
                                            "count": 137,
                                            "is_parallel": true,
                                            "self": 3.6764604999043513,
                                            "children": {
                                                "steps_from_proto": {
                                                    "total": 0.0033020999981090426,
                                                    "count": 4,
                                                    "is_parallel": true,
                                                    "self": 0.0004780999734066427,
                                                    "children": {
                                                        "_process_rank_one_or_two_observation": {
                                                            "total": 0.0028240000247024,
                                                            "count": 8,
                                                            "is_parallel": true,
                                                            "self": 0.0028240000247024
                                                        }
                                                    }
                                                },
                                                "UnityEnvironment.step": {
                                                    "total": 3.70442480003112,
                                                    "count": 137,
                                                    "is_parallel": true,
                                                    "self": 0.04772799974307418,
                                                    "children": {
                                                        "UnityEnvironment._generate_step_input": {
                                                            "total": 0.0957822001655586,
                                                            "count": 137,
                                                            "is_parallel": true,
                                                            "self": 0.0957822001655586
                                                        },
                                                        "communicator.exchange": {
                                                            "total": 3.448045400058618,
                                                            "count": 137,
                                                            "is_parallel": true,
                                                            "self": 3.448045400058618
                                                        },
                                                        "steps_from_proto": {
                                                            "total": 0.11286920006386936,
                                                            "count": 274,
                                                            "is_parallel": true,
                                                            "self": 0.026170500175794587,
                                                            "children": {
                                                                "_process_rank_one_or_two_observation": {
                                                                    "total": 0.08669869988807477,
                                                                    "count": 548,
                                                                    "is_parallel": true,
                                                                    "self": 0.08669869988807477
                                                                }
                                                            }
                                                        }
                                                    }
                                                }
                                            }
                                        }
                                    }
                                }
                            }
                        },
                        "trainer_advance": {
                            "total": 0.7175385000009555,
                            "count": 274,
                            "self": 0.0192249997635372,
                            "children": {
                                "process_trajectory": {
                                    "total": 0.6983135002374183,
                                    "count": 274,
                                    "self": 0.6983135002374183
                                }
                            }
                        }
                    }
                },
                "TrainerController._save_models": {
                    "total": 1.076006099989172,
                    "count": 1,
                    "self": 0.03411709997453727,
                    "children": {
                        "RLTrainer._checkpoint": {
                            "total": 1.0418890000146348,
                            "count": 2,