{
    "name": "root",
    "gauges": {
        "BasicSensorCooperative.Policy.Entropy.mean": {
            "value": 1.2605153322219849,
            "min": 1.2605153322219849,
            "max": 1.4180595874786377,
            "count": 45
        },
        "BasicSensorCooperative.Policy.Entropy.sum": {
            "value": 12286.2431640625,
            "min": 11701.8359375,
            "max": 16578.53515625,
            "count": 45
        },
        "BasicSensorCooperative.Environment.EpisodeLength.mean": {
            "value": 360.8,
            "min": 159.85416666666666,
            "max": 2502.222222222222,
            "count": 43
        },
        "BasicSensorCooperative.Environment.EpisodeLength.sum": {
            "value": 5412.0,
            "min": 1353.0,
            "max": 37705.0,
            "count": 43
        },
        "BasicSensorCooperative.Step.mean": {
            "value": 449908.0,
            "min": 9963.0,
            "max": 449908.0,
            "count": 45
        },
        "BasicSensorCooperative.Step.sum": {
            "value": 449908.0,
            "min": 9963.0,
            "max": 449908.0,
            "count": 45
        },
        "BasicSensorCooperative.Policy.ExtrinsicBaselineEstimate.mean": {
            "value": 2.253121852874756,
            "min": -2.317255973815918,
            "max": 2.912348508834839,
            "count": 45
        },
        "BasicSensorCooperative.Policy.ExtrinsicBaselineEstimate.sum": {
            "value": 189.26223754882812,
            "min": -192.33224487304688,
            "max": 265.0237121582031,
            "count": 45
        },
        "BasicSensorCooperative.Policy.ExtrinsicValueEstimate.mean": {
            "value": 2.253121852874756,
            "min": -2.317255973815918,
            "max": 2.912348508834839,
            "count": 45
        },
        "BasicSensorCooperative.Policy.ExtrinsicValueEstimate.sum": {
            "value": 189.26223754882812,
            "min": -192.33224487304688,
            "max": 265.0237121582031,
            "count": 45
        },
        "BasicSensorCooperative.Environment.CumulativeReward.mean": {
            "value": 11.341233624021212,
            "min": -49.08379286693202,
            "max": 16.854299262993866,
            "count": 44
        },
        "BasicSensorCooperative.Environment.CumulativeReward.sum": {
            "value": 170.11850436031818,
            "min": -608.6832141131163,
            "max": 420.91097140312195,
            "count": 44
        },
        "BasicSensorCooperative.Policy.ExtrinsicReward.mean": {
            "value": 11.341233624021212,
            "min": -49.08379286693202,
            "max": 16.854299262993866,
            "count": 44
        },
        "BasicSensorCooperative.Policy.ExtrinsicReward.sum": {
            "value": 170.11850436031818,
            "min": -608.6832141131163,
            "max": 420.91097140312195,
            "count": 44
        },
        "BasicSensorCooperative.Environment.GroupCumulativeReward.mean": {
            "value": 0.0,
            "min": 0.0,
            "max": 0.0,
            "count": 44
        },
        "BasicSensorCooperative.Environment.GroupCumulativeReward.sum": {
            "value": 0.0,
            "min": 0.0,
            "max": 0.0,
            "count": 44
        },
        "BasicSensorCooperative.Losses.PolicyLoss.mean": {
            "value": 0.03672123140131589,
            "min": 0.026146994779992383,
            "max": 0.04549856578523759,
            "count": 45
        },
        "BasicSensorCooperative.Losses.PolicyLoss.sum": {
            "value": 0.03672123140131589,
            "min": 0.026146994779992383,
            "max": 0.07642529635631945,
            "count": 45
        },
        "BasicSensorCooperative.Losses.ValueLoss.mean": {
            "value": 1.0306561002507806,
            "min": 0.6584101337939501,
            "max": 1.9609780181199312,
            "count": 45
        },
        "BasicSensorCooperative.Losses.ValueLoss.sum": {
            "value": 1.0306561002507806,
            "min": 0.6584101337939501,
            "max": 3.433671062812209,
            "count": 45
        },
        "BasicSensorCooperative.Losses.BaselineLoss.mean": {
            "value": 1.2497447486966848,
            "min": 0.7946007624268532,
            "max": 2.334955597296357,
            "count": 45
        },
        "BasicSensorCooperative.Losses.BaselineLoss.sum": {
            "value": 1.2497447486966848,
            "min": 0.7946007624268532,
            "max": 4.33293291926384,
            "count": 45
        },
        "BasicSensorCooperative.Policy.LearningRate.mean": {
            "value": 0.0002557305147565,
            "min": 0.0002557305147565,
            "max": 0.0002991653002782333,
            "count": 45
        },
        "BasicSensorCooperative.Policy.LearningRate.sum": {
            "value": 0.0002557305147565,
            "min": 0.0002557305147565,
            "max": 0.0005908998030334,
            "count": 45
        },
        "BasicSensorCooperative.Policy.Epsilon.mean": {
            "value": 0.1852435,
            "min": 0.1852435,
            "max": 0.19972176666666666,
            "count": 45
        },
        "BasicSensorCooperative.Policy.Epsilon.sum": {
            "value": 0.1852435,
            "min": 0.1852435,
            "max": 0.3969666,
            "count": 45
        },
        "BasicSensorCooperative.Policy.Beta.mean": {
            "value": 0.00426365065,
            "min": 0.00426365065,
            "max": 0.004986116156666667,
            "count": 45
        },
        "BasicSensorCooperative.Policy.Beta.sum": {
            "value": 0.00426365065,
            "min": 0.00426365065,
            "max": 0.00984863334,
            "count": 45
        },
        "BasicSensorCooperative.IsTraining.mean": {
            "value": 1.0,
            "min": 1.0,
            "max": 1.0,
            "count": 45
        },
        "BasicSensorCooperative.IsTraining.sum": {
            "value": 1.0,
            "min": 1.0,
            "max": 1.0,
            "count": 45
        }
    },
    "metadata": {
        "timer_format_version": "0.1.0",
        "start_time_seconds": "1745234934",
        "python_version": "3.10.12 | packaged by Anaconda, Inc. | (main, Jul  5 2023, 19:01:18) [MSC v.1916 64 bit (AMD64)]",
        "command_line_arguments": "C:\\Users\\doria\\anaconda3\\envs\\mlagents\\Scripts\\mlagents-learn config/BasicMoreComplex.yaml --run-id=basicTensor. --force",
        "mlagents_version": "1.1.0",
        "mlagents_envs_version": "1.1.0",
        "communication_protocol_version": "1.5.0",
        "pytorch_version": "2.2.2+cu121",
        "numpy_version": "1.23.5",
        "end_time_seconds": "1745235353"
    },
    "total": 419.29447509999954,
    "count": 1,
    "self": 0.015038899999126443,
    "children": {
        "run_training.setup": {
            "total": 0.10429610000028333,
            "count": 1,
            "self": 0.10429610000028333
        },
        "TrainerController.start_learning": {
            "total": 419.17514010000014,
            "count": 1,
            "self": 0.30637800015392713,
            "children": {
                "TrainerController._reset_env": {
                    "total": 13.255562700000155,
                    "count": 1,
                    "self": 13.255562700000155
                },
                "TrainerController.advance": {
                    "total": 405.3790083998465,
                    "count": 17286,
                    "self": 0.3141609999056527,
                    "children": {
                        "env_step": {
                            "total": 179.5539841998634,
                            "count": 17286,
                            "self": 139.01214479999544,
                            "children": {
                                "SubprocessEnvManager._take_step": {
                                    "total": 40.34497859999283,